ResourceID,name,description,names,gear,source
aurifex,Aurifex,"You are an artisan of the arcane, a smith of subtle forces. In the crucible of your workshop, the laws that govern this world are warped to suit your needs.","Hestia, Basil, Rune, Prism, Ember, Quintess, Aludel, Mordant, Salaman, Jazia",3d6 Gold Pieces; Rations (3 uses); Lantern; Oil Can (6 uses); Needle-knife (d6); Protective Gloves (petty),"Cairn 2e backgrounds, CC-BY-SA 4.0"
barber-surgeon,Barber-Surgeon,"You walk the line between healer and harrower, knowing the frailty of the flesh but also the secrets that lie within. With the right tools, life and death are merely words.","Wilmot, Patch, Lancet, Sawbones, Theo, Cutwell, Humor, Landsford, Goodeye, Johanna","3d6 Gold Pieces; Rations (3 uses); Torch (3 uses); Bonesaw (d6); Bandages (3 uses); Leech (restores 1 STR, 3 uses); Stained Medical Finery (petty)","Cairn 2e backgrounds, CC-BY-SA 4.0"
beast-handler,Beast Handler,"You alone can walk among the creatures of the wild, fearless and in control. You share a connection with animals that others can only dream of... so long as you don't become their snack.","Amara, Wulf, Mireille, Soren, Freki, Aster, Gerrik, Boreas, Veda, Matheus","3d6 Gold Pieces; Rations (3 uses); Torch (3 uses); Leather Whip (d6); Soporific Darts (STR save or fall asleep, 6 uses); Lure; Rope (25ft)","Cairn 2e backgrounds, CC-BY-SA 4.0"
bonekeeper,Bonekeeper,"You are a shepherd to the departed. You listen to the final whispers of the dead as they descend into the cold, unyielding earth. You know that to fully celebrate the gift of life, we must honor its finale as well.","Rook, Ebon, Moro, Yew, Pall, Leth, Bea, Barnaby, Vesper, Leder",3d6 Gold Pieces; Rations (3 uses); Lantern; Oil Can (6 uses); Stake (d6); Chains (10ft),"Cairn 2e backgrounds, CC-BY-SA 4.0"
cutpurse,Cutpurse,"You live in the grey space between those who have power and those who don’t. You find opportunity where others see only chaos. With nimble fingers, you unburden both the richest merchant and the lowliest guard.","Arlo, Lyra, Eamon, Salina, Elara, Freya, Bull, Sparrow, Ivy, Silas","3d6 Gold Pieces; Rations (3 uses); Torch (3 uses); Twin Daggers (d6+d6, bulky); Padded Leather (1 Armor); Lockpicks; Black Outfit (petty)","Cairn 2e backgrounds, CC-BY-SA 4.0"
fieldwarden,Fieldwarden,"Protectors of the harvest, defense against pests, thieves, and beasts. A position of great honor, while it lasts: many guardians do not live out their natural lives. Roll a second time on the Bonds table.","Seed, Thresh, Dibber, Sow, Stalk, Harrow, Cobb, Flax, Briar, Rye","3d6 Gold Pieces; Rations (3 uses); Torch (3 uses); Brigandine (1 Armor, bulky); Sling (d6); Hand Axe (d6); Repellent (pick the type, 3 uses)","Cairn 2e backgrounds, CC-BY-SA 4.0"
fletchwind,Fletchwind,"You strike from afar, but that does not make you a coward. You are a musician, the song of your bowstring naught but a warning, singing the silent promise of a quick death.","Flint, Feather, Crier, Thunder, Falcon, Pluck, Needle, Warsong, Hawk, Cai","3d6 Gold Pieces; Rations (3 uses); Torch (3 uses); Bow (see table); Serrated Knife (d6); Boiled Leather (1 Armor); Heartroot Salve (restores 1d4 STR, 1 use)","Cairn 2e backgrounds, CC-BY-SA 4.0"
foundling,Foundling,"An odd birthmark, a strange smell: somehow, the touch of elsewhere still lingers. Wherever you are, you have trouble fitting in. Roll on the Omens table (even if you're not the youngest player), but keep the results private for now.","Faunus, Snowdrop, Wisp, Silverdew, Brim, Solstice, Steeleye, Artea, Gossamer, Hazel","3d6 Gold Pieces; Rations (3 uses); Torch (3 uses); Salt Pouch; Heirloom Amulet (petty, glows in the presence of magic); Sling (d6); Dagger (d6)","Cairn 2e backgrounds, CC-BY-SA 4.0"
fungal-forager,Fungal Forager,"You follow the whisperings of the deep earth, the rhythmic pulse of the mycelium forest that grows beneath the surface. The dark holds no terror for you. Also, you really love mushrooms.","Unther, Woozy, Hilda, Current, Leif, Ratan, Mourella, Lal, Per, Madrigal","3d6 Gold Pieces; Rations (3 uses); Sharpened Trowel (d6); Candle Helmet (+1 Armor, dim, 6 uses); Rope (25ft); Metal Pail","Cairn 2e backgrounds, CC-BY-SA 4.0"
greenwise,Greenwise,"You delve deep into the Wood, prying its secrets from between rough boughs and whispering leaves. To this verdant kingdom, you are no mere scholar but its confidant as well.","Gunther, Moss, Fern, Lichen, Root, Willow, Sage, Yarrow, Rowan, Ash","3d6 Gold Pieces; Rations (3 uses); Torch (3 uses); Iron Pot; Root Knife (d6); Healing Salve (restore 1d4 STR, 1 use); Twine Bauble (petty, Ward once per day)","Cairn 2e backgrounds, CC-BY-SA 4.0"
half-witch,Half Witch,"Born of both the mortal world and the unseen, you are an enigma to some and feared by many. Yours is the tale of what happens when two worlds collide.","Solena, Veles, Bryn, Sabine, Razvan, Rowena, Galen, Nyx, Vex, Iwan","3d6 Gold Pieces; Rations (3 uses); Torch (3 uses); Spellbook (Thicket: A thicket of trees and dense; Iron Dagger (d6); Herbs Pouch (restore 1 STR, 3 uses); Ghillie Suit","Cairn 2e backgrounds, CC-BY-SA 4.0"
hexenbane,Hexenbane,"You are a mere digit on the unerring hand of justice. You go where others fear to tread, unyielding and unbroken.","Percival, Felix, Isolde, Wolfram, Aldric, Eira, Oswin, Ivor, Brunhilda, Beatrix","3d6 Gold Pieces; Rations (3 uses); Torch (3 uses); Vestments of the Order (petty); Blessed Tinctures; Silver Knife (d6); Crossbow (d8, bulky)","Cairn 2e backgrounds, CC-BY-SA 4.0"
jongleur,Jongleur,"What inspires the soul more than song, words, and spectacle? Why practice for years to master the arcane when you've already got real magic inside?","Jax, Selene, Baladria, Ada, Mort, Saylor, Tripp, Lantos, Echo, Jubilo","3d6 Gold Pieces; Rations (3 uses); Torch (3 uses); Costume; Simple Instrument (Pipes, Lute, etc.); Lucky Jerkin (+1 Armor); Sling (d6)","Cairn 2e backgrounds, CC-BY-SA 4.0"
kettlewright,Kettlewright,You are known by the smell of molten metal and the jingle of tin. You are no mere merchant but an artisan of fire and metal.,"Fergus, Eon, Bram, Idris, Hester, Darragh, Seren, Rónán, Berek, Lorenz",3d6 Gold Pieces; Rations (3 uses); Torch (3 uses); Pincers; Roll of Tin; Gloves (petty); Hammer (d6),"Cairn 2e backgrounds, CC-BY-SA 4.0"
marchguard,Marchguard,"Bound by blood Oath to patrol the border and protect the realm. Once sworn, the Oath cannot be broken. The Guard always finds their own.","Gann, Light, Saoirse, Frost, Thorn, Reed, Dirk, Ragnar, Brie, Aasim","3d6 Gold Pieces; Rations (3 uses); Lantern; Oil Can (6 uses); Long Sword (d10, bulky); Boiled Leather (1 Armor)","Cairn 2e backgrounds, CC-BY-SA 4.0"
mountebank,Mountebank,"Wits are your sharpest weapon, a facade your strongest shield. But when you do lose, you lose badly.","Ambrose, Lucius, Beauregard, Cornelius, Aria, Toph, Indigo, Delphine, Solene, Noa","3d6 Gold Pieces; Rations (3 uses); Torch (3 uses); Cart (+4 slots, bulky when pulled); Trick Playing Cards; Fancy Hat (petty); Cane Sword (d6)","Cairn 2e backgrounds, CC-BY-SA 4.0"
outrider,Outrider,"Your coin comes from escorting caravans, tracking fugitives, or lending your blade to a cause. You've been a savior, an executioner, a hero, and even a villain. Yours is not a solitary path, however: you'll always have your horse.","Drake, Cyra, Keir, Darius, Valen, Rorik, Yara, Rui, Talon, Jory","3d6 Gold Pieces; Rations (3 uses); Torch (3 uses); Long Sword (d10, bulky); Leather Jerkin (1 Armor); Crossbow (d8, bulky); Spyglass","Cairn 2e backgrounds, CC-BY-SA 4.0"
prowler,Prowler,"You are a specter in the night, a fleeting shadow that slips by its prey, unseen. Each kill is a test of cunning and animal determination, a contest between life and death. You know that one day you will lose. You look forward to it.","Winda, Brielle, Theron, Chayse, Nuja, Dev, Raven, Arawan, Sable, Baruani",3d6 Gold Pieces; Rations (3 uses); Torch (3 uses); Tarp; Boiled Leather (1 Armor); Short Sword (d6); Spring-Loaded trap (4 STR damage),"Cairn 2e backgrounds, CC-BY-SA 4.0"
rill-runner,Rill Runner,"You sing the stories of rivers and lakes, your talents soothing friends and the elements alike. You've seen more than most, but somehow it never seems to be enough.","Gale, Piper, Brook, Adair, Stone, Dale, Wren, Cliff, Rain, Robin","3d6 Gold Pieces; Rations (3 uses); Torch (3 uses); Water Shoes; Brigandine (1 Armor, bulky); Compass; Dagger (d6)","Cairn 2e backgrounds, CC-BY-SA 4.0"
scrivener,Scrivener,"You copy ancient texts and illuminate manuscripts, recording the voices of the clever, the great, and the powerful. You will prove that the pen truly is mightier than the sword.","Lazlo, Stilo, Akshara, Pisa, Ji-Yun, Kalamos, Hugo, Shui, Kalam, Julius",3d6 Gold Pieces; Rations (3 uses); Torch (3 uses); Quill & Ink; Blank Book; Awl (d6); Badge (petty),"Cairn 2e backgrounds, CC-BY-SA 4.0"
