ResourceID,name,description,kind,damage,armor,slots,properties,price,source
shield,Shield,,Armor,,1,,,10,"Cairn 2e Marketplace, CC-BY-SA 4.0"
helmet,Helmet,,Armor,,1,,,10,"Cairn 2e Marketplace, CC-BY-SA 4.0"
gambeson,Gambeson,,Armor,,1,,,15,"Cairn 2e Marketplace, CC-BY-SA 4.0"
brigandine,Brigandine,,Armor,,1,,bulky,20,"Cairn 2e Marketplace, CC-BY-SA 4.0"
chainmail,Chainmail,,Armor,,2,,bulky,40,"Cairn 2e Marketplace, CC-BY-SA 4.0"
plate,Plate,,Armor,,3,,bulky,60,"Cairn 2e Marketplace, CC-BY-SA 4.0"
dagger,Dagger,,Weapon,d6,,,,5,"Cairn 2e Marketplace, CC-BY-SA 4.0"
cudgel,Cudgel,,Weapon,d6,,,,5,"Cairn 2e Marketplace, CC-BY-SA 4.0"
sickle,Sickle,,Weapon,d6,,,,5,"Cairn 2e Marketplace, CC-BY-SA 4.0"
staff,Staff,,Weapon,d6,,,,5,"Cairn 2e Marketplace, CC-BY-SA 4.0"
spear,Spear,,Weapon,d8,,,,10,"Cairn 2e Marketplace, CC-BY-SA 4.0"
sword,Sword,,Weapon,d8,,,,10,"Cairn 2e Marketplace, CC-BY-SA 4.0"
mace,Mace,,Weapon,d8,,,,10,"Cairn 2e Marketplace, CC-BY-SA 4.0"
axe,Axe,,Weapon,d8,,,,10,"Cairn 2e Marketplace, CC-BY-SA 4.0"
flail,Flail,,Weapon,d8,,,,10,"Cairn 2e Marketplace, CC-BY-SA 4.0"
halberd,Halberd,,Weapon,d10,,,bulky,20,"Cairn 2e Marketplace, CC-BY-SA 4.0"
war-hammer,War Hammer,,Weapon,d10,,,bulky,20,"Cairn 2e Marketplace, CC-BY-SA 4.0"
long-sword,Long Sword,,Weapon,d10,,,bulky,20,"Cairn 2e Marketplace, CC-BY-SA 4.0"
sling,Sling,,Weapon,d6,,,,5,"Cairn 2e Marketplace, CC-BY-SA 4.0"
bow,Bow,,Weapon,d6,,,bulky,20,"Cairn 2e Marketplace, CC-BY-SA 4.0"
crossbow,Crossbow,,Weapon,d8,,,bulky,30,"Cairn 2e Marketplace, CC-BY-SA 4.0"
cart,Cart,,Transport,,,4,bulky,30,"Cairn 2e Marketplace, CC-BY-SA 4.0"
wagon,Wagon,,Transport,,,8,slow,200,"Cairn 2e Marketplace, CC-BY-SA 4.0"
horse,Horse,,Transport,,,4,,75,"Cairn 2e Marketplace, CC-BY-SA 4.0"
mule,Mule,,Transport,,,6,slow,30,"Cairn 2e Marketplace, CC-BY-SA 4.0"
carriage-seat,Carriage Seat,,Transport,,,,,5,"Cairn 2e Marketplace, CC-BY-SA 4.0"
ships-passage,Ship's Passage,,Transport,,,,,10,"Cairn 2e Marketplace, CC-BY-SA 4.0"
