ResourceID,name,description,hp,armor,str,dex,wil,attacks,source
acolyte,Acolyte,Holy servants bound to a particular deity. Typically travel in groups of four or more. Carry a holy symbol (Ward once per day).,4,1,8,11,14,ceremonial dagger (d6),"Cairn (1st ed.) resources/monsters, CC-BY-SA 4.0"
air-elemental,Air Elemental,Living vortexes of whirling air and gas. Lighter creatures are swept away by their mere presence. Whirlwind: All nearby targets that fail a STR save are blown away.,16,,11,15,8,detachment,"Cairn (1st ed.) resources/monsters, CC-BY-SA 4.0"
aranea,Aranea,"Enormous spiders with greenish-black skin and large brains. Can shape shift into human form at will. Conduct their magical research in dark, web-filled caverns. Carry the Charm and Command spellbooks at all times. Fire damage against Aranea is enhanced.",6,,13,12,15,bite (d8),"Cairn (1st ed.) resources/monsters, CC-BY-SA 4.0"
bandit,Bandit,"Outlaws who raid settlements, attack ships, or ambush travelers. Groups of four or more are a detachment. A detachment always travels with one leader wearing chainmail or similar (2 Armor) and a long sword (d10) or crossbow (d8). Loyal: When testing Morale, save using the leader's WIL (13). If the leader dies, the others will flee.",4,1,12,12,9,shortsword (d6) or short bow (d6),"Cairn (1st ed.) resources/monsters, CC-BY-SA 4.0"
banshee,Banshee,"Incorporeal spirits that linger long after death to haunt the living. Unharmed by cold, heat, or the elements. Iron weapon damage is enhanced. Wail: Anyone in earshot must make a WIL save or fall unconscious.",8,,6,12,15,ghostly touch (d8),"Cairn (1st ed.) resources/monsters, CC-BY-SA 4.0"
basilisk,Basilisk,"Long, serpentine lizards that nest deep below the earth or in brambles just underfoot. Fighting a Basilisk without meeting its gaze is difficult. (Attacks facing it are impaired.) Gaze: A target facing the Basilisk is slowly petrified from the bottom up and completely frozen after three rounds. An antidote can be brewed from the Basilisk's gizzards. The creature's reflection is harmless.",10,1,12,13,13,bite (d10),"Cairn (1st ed.) resources/monsters, CC-BY-SA 4.0"
berserker,Berserker,"Ruthless warriors that derive their power from the skins they wear: bears, wolves, boars, etc. Ignore the Morale rule and are never treated as part of a detachment. Rage: A Berserker's first attack has both the enhanced and blast qualities.",10,1,14,13,15,twin axes (d8+d8),"Cairn (1st ed.) resources/monsters, CC-BY-SA 4.0"
black-bear,Black Bear,Waist-high bears that subsist mostly on berries and roots. Drawn to campsites in search of food. Aggressive if cornered or feel that their young are threatened. Critical Damage: A large chunk of flesh is bitten off (d6 STR damage).,6,,14,12,6,claws (d6+d6),"Cairn (1st ed.) resources/monsters, CC-BY-SA 4.0"
black-dragon,Black Dragon,Amphibious dragons with glossy black scales and thick hides. Dwell in swamps or similarly dangerous and flooded environments. Cruel and prone to violence. Make use of the dark and their surprising agility to separate their victims and kill them one by one.,16,1,13,18,14,"bite (d12), claws (d10+d10), detachment","Cairn (1st ed.) resources/monsters, CC-BY-SA 4.0"
black-pudding,Black Pudding,"Giant, brainless blobs of black jelly driven only by their insatiable hunger. Moves along walls and across ceilings. Squeeze through holes and cracks with ease. Immune to mundane attacks, save fire. Normal attacks splits the Black Pudding. creating two Puddings that share HP and STR. Critical Damage: Targets wearing non-metallic armor lose 1 point of Armor, and any STR loss to unarmored targets is permanent.",12,,11,5,3,devouring touch (d8),"Cairn (1st ed.) resources/monsters, CC-BY-SA 4.0"
blink-dog,Blink Dog,Teleporting canines in service of a powerful master. Can phase out of reality at will. Melee attacks against them are impaired.,5,,11,14,5,bite (d6),"Cairn (1st ed.) resources/monsters, CC-BY-SA 4.0"
blood-elk,Blood Elk,"Born from violence resulting from a greedy or selfish act. Kill their victims for sustenance, but gains no succor. They are always hungry. Critical Damage: Gores its victims by ripping out their entrails.",4,,12,13,5,horns (d8),"Cairn (1st ed.) resources/monsters, CC-BY-SA 4.0"
blue-dragon,Blue Dragon,"Enormous, centipede-like reptilian creatures that dwells in deserts and rocky drylands. Proud and vain, they often keep victims as slaves. The more prestigious the better. Thunderclap: Deals 4 STR damage against a single target. Targets wearing metal armor take double damage.",14,3,14,16,15,"bite (d12), claws (d10+d10), detachment","Cairn (1st ed.) resources/monsters, CC-BY-SA 4.0"
boar,Boar,"Omnivorous wild boars that dwell primarily in forests. Not naturally aggressive, but dangerous if disturbed. Critical Damage: Gores its victims, who bleed out very quickly.",3,,12,9,6,tusks (d6),"Cairn (1st ed.) resources/monsters, CC-BY-SA 4.0"
boggart,Boggart,"Wild, hairy tricksters that prize shiny trinkets above coin. Boggarts have true names that describe their true nature. Knowing these names gives a person control over them. Magic: The Boggart can bring objects to life,  sow confusion, create magical disguises, use telekinesis, and teleport.",3,,4,17,13,,"Cairn (1st ed.) resources/monsters, CC-BY-SA 4.0"
bone-construct,Bone Construct,"Gigantic, four-armed constructs made of bone and sorcery. Mindless guardians that stand ready to attack any creature other than their creator.",8,3,15,5,3,"sharpened arms (d8+d8), detachment","Cairn (1st ed.) resources/monsters, CC-BY-SA 4.0"
bronze-construct,Bronze Construct,"Towering humanoid constructs made of pure bronze. Resemble old men with long beards and hair, and emanate a strong heat. Immune to fire and heat. If punctured, spurts a burning hot liquid dealing d6 STR damage to anyone nearby.",3,3,18,6,0,"fists (d10+d10), detachment","Cairn (1st ed.) resources/monsters, CC-BY-SA 4.0"
bugbear,Bugbear,"Large, goblin-like creatures covered in fur. Prefer stealth and trickery to gain an advantage. Often command parties of like creatures (typically goblins).",8,1,14,12,11,club (d8),"Cairn (1st ed.) resources/monsters, CC-BY-SA 4.0"
burrowing-horror,Burrowing Horror,"Huge insectoids with multiple legs and shiny black eyes. Subsist from dirt, roots, and flesh. Burrow just beneath surfaces to ambush unsuspecting creatures. Critical Damage: Target loses a body part. Roll 1d6. 1: Head, 2-4: Leg, 5-6: Arm.",6,1,16,11,4,"bite (d10), acid squirt (d8, blast)","Cairn (1st ed.) resources/monsters, CC-BY-SA 4.0"
camel,Camel,"Beasts of burden native to dry, arid lands. Can survive without water for weeks at a time. Moves through sand and broken ground without difficulty.",3,,14,13,4,bite or kick (d6),"Cairn (1st ed.) resources/monsters, CC-BY-SA 4.0"
catoblepas,Catoblepas,"A chimeric monstrosity bearing traits of buffalo, lizard, and boar. Its enormous head is always pointing towards the ground. Paralyze: A single target is turned to stone. Moonlight reverses the effect.",7,1,16,9,13,tail (d8),"Cairn (1st ed.) resources/monsters, CC-BY-SA 4.0"
cave-locust,Cave Locust,Giant plant-eating crickets that dwell in caves. Immune to most types of poison. Their natural coloration allows them to blend in with the stone. They emit loud shrieks when threatened.,2,,6,12,3,bite (d6),"Cairn (1st ed.) resources/monsters, CC-BY-SA 4.0"
centaur,Centaur,"Creatures with the lower body and legs of a horse, but a humanoid upper body. Rarely found alone, preferring the company of their own.",6,1,14,12,14,spear (d8) or short bow (d6),"Cairn (1st ed.) resources/monsters, CC-BY-SA 4.0"
chimera,Chimera,"A flying, sorcerous hybrid of lion, goat, and dragon (pick one). Dragon's Breath: The dragon's head spits acid, lightning, or fire depending on its type. d8 STR damage.",10,,14,11,13,bite (d10),"Cairn (1st ed.) resources/monsters, CC-BY-SA 4.0"
cobblehounds,Cobblehounds,"Immobile constructs typically used as guardians to great tombs or artifacts. Unaffected by mundane persuasion techniques, but love a good bone.",12,2,14,1,8,bite (d10),"Cairn (1st ed.) resources/monsters, CC-BY-SA 4.0"
cockatrice,Cockatrice,"Small, agile creatures resembling chickens with reptilian features. Critical Damage: The target's injured area is covered in stone, which spreads to the rest of their body within three rounds. The stone can be chipped off.",5,,8,14,4,beak (d6),"Cairn (1st ed.) resources/monsters, CC-BY-SA 4.0"
couatl,Couatl,"Long, feathered serpents with colorful wings. Live in hot jungles, and are considered divine by some civilizations. Highly intelligent and magical, they are capable of speaking any language. Can shapechange into the form of a person or small animal.",9,,6,12,15,bite (d6),"Cairn (1st ed.) resources/monsters, CC-BY-SA 4.0"
creeping-vines,Creeping Vines,"Appear as an inert, typical vine. Attacks passing creatures to use their corpses as fertilizer. Critical Damage: Target is pulled into the air where they asphyxiate within a few minutes.",8,,10,12,2,"vines (d4, blast)","Cairn (1st ed.) resources/monsters, CC-BY-SA 4.0"
crypt-guardian,Crypt Guardian,"Animated skeletons clothed in billowing robes. Their eye sockets are hypnotically red. Defend crypts and tombs, but will not attack if left undisturbed. Non-magical attacks against them are impaired. Can teleport any target in eyesight to a random room nearby.",12,,12,11,14,ethereal claws (d8+d8),"Cairn (1st ed.) resources/monsters, CC-BY-SA 4.0"
cyclops,Cyclops,Giant humanoids with a single large eye centered on the face. Dwell in caves and herd small animals. Slow-witted and easily fooled.,9,,18,8,6,club (d10),"Cairn (1st ed.) resources/monsters, CC-BY-SA 4.0"
deep-one,Deep One,"Amphibious, fish-like humanoids that live in the deep sea. Highly resistant to magical effects. Occasionally surface to trade with coastal settlements. On land their movement is slowed by half. Can only reproduce with land-dwelling humanoids.",6,,14,16,12,trident (d8),"Cairn (1st ed.) resources/monsters, CC-BY-SA 4.0"
dire-wolf,Dire Wolf,"Horse-sized, semi-intelligent wolves that roam the forests and mountains. Highly territorial. Can be trained as pets if captured young.",8,,14,12,8,bite (d10),"Cairn (1st ed.) resources/monsters, CC-BY-SA 4.0"
djinn,Djinn,"Magical, intelligent extraplanar beings. Can take any form, or none at all. Can conjure mundane objects, sounds, and visions from nothing. Whirlwind: Transforms into a building-sized vortex, destroying anything in its path (DEX save or take d12 STR damage).",15,,16,16,18,"elemental fists (d10+d10), detachment","Cairn (1st ed.) resources/monsters, CC-BY-SA 4.0"
draugr,Draugr,"Undead horror made of withered flesh. Rises from those killed in battle and left to rot. Critical Damage: target is instantly killed, only to rise later as a Thrall.",12,2,15,9,13,rusty broadsword (d8),"Cairn (1st ed.) resources/monsters, CC-BY-SA 4.0"
driver-ant,Driver Ant,"Giant, omnivorous black ants that build colonies deep underground. Consume any edible object in their path. Often act as a hive mind. Two or more Driver Ants together is a detachment.",3,,4,12,1,bite (d6),"Cairn (1st ed.) resources/monsters, CC-BY-SA 4.0"
dryad,Dryad,"Shy, protective tree spirits that manifest as beautiful, green-skinned humanoids. Unable to travel far from the tree they are bound to. They perish if the tree is destroyed. Befuddle: Target becomes confused, gradually moving further and further away from the host tree. WIL save once per round to break free.",4,,8,12,14,knotted arms (d6),"Cairn (1st ed.) resources/monsters, CC-BY-SA 4.0"
dwarf,Dwarf,"Short, humanoids with skin as tough as stone. Dwell in mountains and underground. Highly resistant to poison and disease.",4,2,14,6,13,hammer (d8),"Cairn (1st ed.) resources/monsters, CC-BY-SA 4.0"
earth-elemental,Earth Elemental,"Enormous humanoid-shaped beings made of earth and stone. Can move through the ground as if it were water. Mudcannon: A wall of earth is raised and then quickly lowered beneath a target, dealing d8 STR damage.",12,3,16,6,5,dirt clods (d10),"Cairn (1st ed.) resources/monsters, CC-BY-SA 4.0"
elephant,Elephant,"Large, intelligent animals that dwell in deserts and plains, usually in herds. Their tusks are worth 1000gp to the right buyer. There are some who consider taking the tusks as immoral. Charge: Nearby targets must make a DEX save or be trampled underfoot (d12 STR damage, ignoring armor).",9,,16,6,11,tusks (d10),"Cairn (1st ed.) resources/monsters, CC-BY-SA 4.0"
elf,Elf,"Long-lived, slender Fae with pointed ears preferring to live in harmony with nature. Highly resistant to charming and mind-controlling effects. Can cast the following spells at will: Charm, Pacify, Telepathy.",4,1,8,12,14,shortsword (d6) or longbow (d8),"Cairn (1st ed.) resources/monsters, CC-BY-SA 4.0"
estrie,Estrie,"Appears as a woman with long dark hair that extends all the way to her feet. Can transform into owls, but only at night. Binding their hair prevents transformation. Drinks the blood of small animals and sleeping travelers, who dream of feathers and the moon. If killed they resurrect at the next full moon. This can be stopped by burying the head under ground and filling the mouth with sand. Critical Damage: target falls unconscious for 1d6 hours.",10,,11,15,14,draining hair (d8),"Cairn (1st ed.) resources/monsters, CC-BY-SA 4.0"
ettin,Ettin,The two-headed kin of giants. Prefer caves and underground hovels. Cannot be surprised.,10,,16,8,6,club (d10),"Cairn (1st ed.) resources/monsters, CC-BY-SA 4.0"
eye-of-terror,Eye of Terror,"Floating spheres with large mouths, enormous eyes, and several small eyes set atop long stalks. They are highly intelligent, intensely greedy, and completely insane. Can cast the following spells at will: Charm, Phobia, Telekinesis, Sleep, Shuffle, Vision. Magic used against them requires a WIL save or it fizzles out.",15,,9,8,16,bite (d8),"Cairn (1st ed.) resources/monsters, CC-BY-SA 4.0"
false-dragon,False Dragon,"Tiny winged draconic creatures with a sting-tipped tail and reddish scales. Commonly found in forests and caverns. Can communicate telepathically with nearby creatures. Critical Damage: Target is deprived for d6 days, unless purged of the sting's toxins.",4,,8,14,12,sting (d6),"Cairn (1st ed.) resources/monsters, CC-BY-SA 4.0"
fire-beetle,Fire Beetle,"Dog-sized beetles that make their home deep underground. Their organs produce a brilliant slime that glows for several days, making them highly valuable to alchemists and artists alike.",2,1,4,14,3,bite (d6),"Cairn (1st ed.) resources/monsters, CC-BY-SA 4.0"
fire-elemental,Fire Elemental,"Living columns of pure flame capable of changing shape at will. Mundane attacks are ineffective, but water deals d12 STR damage upon contact. Critical Damage: The target and all their non-metallic belongings are burnt to a crisp.",16,,8,12,14,"flare (d10, blast), detachment","Cairn (1st ed.) resources/monsters, CC-BY-SA 4.0"
fire-giant,Fire Giant,"Colossal, red-haired humanoids build their fortresses in or near volcanoes. They are immune to fire and heat. They forge heavy armor made of brass, bronze, or copper and are masters of their craft.",13,3,17,8,5,greatsword (d10),"Cairn (1st ed.) resources/monsters, CC-BY-SA 4.0"
flesh-construct,Flesh Construct,"Tall, bloated humanoid abominations made of stitched together flesh. If destroyed, the construct slowly reassembles using parts from nearby corpses.",9,1,15,8,8,"fists (d10+d10), detachment","Cairn (1st ed.) resources/monsters, CC-BY-SA 4.0"
foxwoman,Foxwoman,Can take the form of a fox or a woman with a hidden fox leg. Immune to attacks from metal weapons. Critical damage: Victim is choked unconscious.,8,,12,14,15,"claws (d6+d6), bite (d8)","Cairn (1st ed.) resources/monsters, CC-BY-SA 4.0"
frost-elf,Frost Elf,"Beautiful, amoral, and long-lived. Resistant to most forms of magic. Can cast the following spells at will: Sleep, Teleport, Detect Magic.",14,1,8,13,14,icicle dagger (d6),"Cairn (1st ed.) resources/monsters, CC-BY-SA 4.0"
frost-giant,Frost Giant,"Colossal, pale-haired humanoids with blueish skin and pale hair. Unharmed by cold and ice. Excellent trackers, they are often accompanied by dire wolves.",14,2,18,9,12,great axe (d12) or longbow (d8),"Cairn (1st ed.) resources/monsters, CC-BY-SA 4.0"
gargoyle,Gargoyle,"Magical, slow-moving statues of monstrous winged creatures, typically employed as guards or watchdogs. Prowls at night but fear the day, when the sun's light freezes them in place. Immune to charms and magical sleep.",8,3,14,4,12,claws (d8+d8),"Cairn (1st ed.) resources/monsters, CC-BY-SA 4.0"
gelatinous-ooze,Gelatinous Ooze,"Large shapeless masses of transparent jelly. Mindlessly hunt for food in dungeons and underground caverns. Critical Damage: The target is engulfed, losing d6 STR damage per round until they are consumed.",8,1,15,6,3,devouring touch (d8),"Cairn (1st ed.) resources/monsters, CC-BY-SA 4.0"
ghost,Ghost,"Incorporeal spirits of the restless dead, vulnerable only to magic and specific anointed rites. Critical Damage: Target must save WIL or is possessed, acting only on behalf of the ghost's whims.",8,,14,12,15,life drain (d6),"Cairn (1st ed.) resources/monsters, CC-BY-SA 4.0"
ghoul,Ghoul,"Grey-skinned man-things wearing shredded clothes that crave only the flesh of the living. Critical Damage: Target is deprived from their necrotic wound, dying in d4 days unless treated by a priest or skilled healer. If the body is not burned it later rises as a Ghoul as well.",6,,14,8,3,elongated claws (d6+d6),"Cairn (1st ed.) resources/monsters, CC-BY-SA 4.0"
giant-aquatic-spider,Giant Aquatic Spider,"Enormous spiders that dwell in large bodies of fresh water, building air-filled nests in the aquatic vegetation. Lurk just below the water's surface, waiting to surprise their victims. Critical Damage: Paralyzes their target, dealing an additional d4 DEX damage.",4,,13,8,4,bite (d8),"Cairn (1st ed.) resources/monsters, CC-BY-SA 4.0"
giant-centipede,Giant Centipede,"Dog-sized centipedes that live in damp, underground places. They prefer to avoid combat if possible. Critical Damage: Venom renders the target deprived. Save STR once per day to recover.",5,,6,13,3,sting (d6),"Cairn (1st ed.) resources/monsters, CC-BY-SA 4.0"
giant-crab,Giant Crab,Huge crustaceans that live in coastal areas. Their pincers ignore non-metallic armor completely.,6,3,14,3,8,pincers (d8+d8),"Cairn (1st ed.) resources/monsters, CC-BY-SA 4.0"
giant-crocodile,Giant Crocodile,"Rare, gigantic reptiles from ancient times. Natural hunters, they are attracted to the scent of blood in the water, even at great distances.",15,3,16,6,5,"bite (d12), detachment","Cairn (1st ed.) resources/monsters, CC-BY-SA 4.0"
giant-draco,Giant Draco,"Tall, carnivorous lizards that glide in the air on flaps of skin. Wait atop tall natural formations to swing down and surprise their unsuspecting targets.",6,,14,14,5,bite (d10),"Cairn (1st ed.) resources/monsters, CC-BY-SA 4.0"
giant-mantis,Giant Mantis,"Cow-sized insects with sharp forelimbs and slicing mandibles. Dwell in tropical forests and jungles. Relies on its dark green coloration to camouflage in foliage and attack unsuspecting prey. Critical Damage: Target loses a body part. Roll 1d6. 1: Head, 2-4: Leg, 5-6: Arm.",10,1,12,14,12,forelegs (d8+d8),"Cairn (1st ed.) resources/monsters, CC-BY-SA 4.0"
giant-phase-spider,Giant Phase Spider,"8’ long, black spiders that have the ability to become intangible. Dwell in web-filled lairs and sometimes prey on humans. Can freely shift in and out of its current plane, phasing back to attack. It cannot phase out again until its next turn. Critical Damage: Without specialist healing the target begins to slowly phase out of reality over 1d6 days.",6,,13,14,12,"bite (d6), detachment","Cairn (1st ed.) resources/monsters, CC-BY-SA 4.0"
giant-scorpion,Giant Scorpion,Horse-sized arachnides commonly found in dry terrain or caverns. Critical Damage: The stinger's poison liquifies the target's insides for an additional d8 STR damage. The STR loss is permanent.,8,1,11,12,4,claws (d10+d10),"Cairn (1st ed.) resources/monsters, CC-BY-SA 4.0"
gnoll,Gnoll,"Ferocious humanoid hyenas spawned from arcane experiments long ago. Deadly warriors, they attack as a pack (as detachment) or on their own.",6,1,12,14,8,spear (d8),"Cairn (1st ed.) resources/monsters, CC-BY-SA 4.0"
gnome,Gnome,"Short humanoids with long noses and ears.   Live underground or deep in forests. Intelligent tinkers, love messing with any kind of mechanism. Can easily be convinced by the promise of something novel or uncommon. Can understand and communicate with small mammals like moles or squirrels.",4,,8,12,14,"crossbow (d8, bulky)","Cairn (1st ed.) resources/monsters, CC-BY-SA 4.0"
goblin,Goblin,"Small, grotesque humanoids with skin in earthly tones of green, brown, and grey. Avoid combat, only attacking when advantageous, using hit-and-run tactics. Sometimes are found using dire wolves as mounts.",4,,8,12,8,dagger (d6) or sling (d6),"Cairn (1st ed.) resources/monsters, CC-BY-SA 4.0"
golem,Golem,Immune to mental attacks. Damage from fire is enhanced. Scratching off the first letter on its forehead or performing in reverse the ritual that created it reduces the Golem to mud.,12,3,18,6,0,stone fists (d10+d10),"Cairn (1st ed.) resources/monsters, CC-BY-SA 4.0"
gorilla,Gorilla,"Large, muscular apes that dwell in hot jungles. Highly territorial. Critical Damage: Breaks a limb, dealing 1d4 extra STR damage.",3,,14,14,9,fists (d8+d8),"Cairn (1st ed.) resources/monsters, CC-BY-SA 4.0"
great-white-shark,Great White Shark,"Enormous grey sharks that dwell in warm water, sometimes attacking smaller boats. Can detect the smell of blood from many miles away.",8,,14,14,6,bite (d12),"Cairn (1st ed.) resources/monsters, CC-BY-SA 4.0"
green-dragon,Green Dragon,Forest-dwelling snakes topped with tall green scales. Collect great hoards of treasure. Use intelligence and cunning to manipulate the weak into their service. Chlorine Gas: Anyone nearby must make a DEX save to escape its reach or lose 1d4 STR and becomes deprived.,12,2,14,15,18,"bite (d12), detachment","Cairn (1st ed.) resources/monsters, CC-BY-SA 4.0"
green-slime,Green Slime,"Large blobs of green slime that stick to walls and ceiling. Immune to all damage except fire. Drop Attack: As trap. Deals 1d6 STR damage per round, corroding metal, wood, and flesh. Flesh consumed in this way becomes more Green Slime.",3,,18,6,3,acidic touch (d10),"Cairn (1st ed.) resources/monsters, CC-BY-SA 4.0"
griffon,Griffon,"Ravenous hybrids, with the head and wings of an eagle and the lower body of a lion. Can be used as mounts if taken young and properly trained. Fly and attack at astonishing speeds, diving in to scoop up their prey. Critical Damage: Tears flesh and bone from its victim with its razor-sharp beak.",7,,14,15,12,"claws (d6+d6), detachment","Cairn (1st ed.) resources/monsters, CC-BY-SA 4.0"
grizzly-bear,Grizzly Bear,"Reddish-brown bears commonly found in mountains, woodlands, and prairies. Prefer to eat fish and meat, and will attack the rare unfortunate who crosses their path. Critical Damage: Bites the victim for an additional d6 STR damage. They bleed out very quickly.",6,,15,13,5,claws (d8+d8),"Cairn (1st ed.) resources/monsters, CC-BY-SA 4.0"
halfling,Halfling,Small humanoids with hairy feet live in small settlements. Highly resistant to mental attacks.,4,,8,14,14,shortsword (d6),"Cairn (1st ed.) resources/monsters, CC-BY-SA 4.0"
harpy,Harpy,"Hideous monstrosities with the body of a giant eagle and a humanoid head. Their movements and flight are clumsy due to their disproportionate size. Rely on charmed victims to do anything of note. Song: Anyone nearby must save WIL or be charmed by its voice, following the harpy and defending it from any threat.",8,,7,12,14,claws (d6+d6),"Cairn (1st ed.) resources/monsters, CC-BY-SA 4.0"
hellhound,Hellhound,"Monstrous, intelligent dogs that dwell near volcanoes. Immune to fire and heat damage. Hot enough to melt iron simply by biting it.",8,,12,15,9,"bite (d8) or fire breath (d6, blast)","Cairn (1st ed.) resources/monsters, CC-BY-SA 4.0"
hobgoblin,Hobgoblin,Large and burly relatives of goblins. Dwell in underground fortresses until called for war. Automatically succeed in Morale Saves if a commander is present. Trained to fight together. Damage dealt is enhanced if an ally is also engaged with the same enemy.,6,2,14,8,11,mace (d8),"Cairn (1st ed.) resources/monsters, CC-BY-SA 4.0"
hooded-men,Hooded Men,"The Watchers of the Wood; a cult that derive their power from leylines, rune stones, and the like. Critical Damage: Leech a part of the victim's soul (1d4 WIL damage). Carries two of the following spellbooks: Charm, Hypnotize, Push/Pull, Shield.",12,,9,12,14,leystaff (d8),"Cairn (1st ed.) resources/monsters, CC-BY-SA 4.0"
hunting-dog,Hunting Dog,"Domestic canines shaped into ferocious hunters, attacking only at their owner’s command. Track by scent, relentlessly following their target.",3,,4,12,8,bite (d6),"Cairn (1st ed.) resources/monsters, CC-BY-SA 4.0"
hydra,Hydra,"Large reptilians with nine serpentine heads. Very difficult to throw off once their quarry is detected. On taking Critical Damage, the hydra loses one head. It then continues fighting until no heads remains.",12,2,13,7,12,"bite (d12, blast), detachment","Cairn (1st ed.) resources/monsters, CC-BY-SA 4.0"
ifrit,Ifrit,"Clever, djinn-like beings from the elemental plane of fire. Appear as giant humanoids. Wet weapons deal enhanced damage against them. Often summoned through powerful magic in service to a wizard, but will subvert their orders whenever possible. Pillar of Flame: Creates a column of flame as tall as a building, dealing d12 STR damage to all it touches. It can only do this once per day.",10,,11,13,14,flaming sword (d10),"Cairn (1st ed.) resources/monsters, CC-BY-SA 4.0"
invisible-stalker,Invisible Stalker,Intelligent beings shaped into reality by a powerful wizard. Completely invisible and silent. Attacks deal direct STR damage (subtracting Armor).,8,,12,12,15,fists (d4+d4),"Cairn (1st ed.) resources/monsters, CC-BY-SA 4.0"
iron-construct,Iron Construct,"Tall, humanoid statues forged of metal, fire, and magic. Wield massive swords of iron. Immune to mundane attacks, electricity, and cold. Fire damage is absorbed and heals any lost STR.",8,3,15,5,8,giant sword (d12),"Cairn (1st ed.) resources/monsters, CC-BY-SA 4.0"
killer-bees,Killer Bees,"Oversized bees that build underground hives. Hyper-aggressive, attack anything that comes near. Produce special honey that heals 1d6 STR. 3 uses. When the bees cause STR damage, the stingers are lodged into the target, dealing d4 damage each round until removed.",6,,6,14,8,"sting (d6), detachment","Cairn (1st ed.) resources/monsters, CC-BY-SA 4.0"
kobold,Kobold,"Hairless humanoids with canine-like features and scaly skin. Can see perfectly in the dark, but are harmed by direct sunlight. Use traps and ambush to defeat opponents. Often act in service of a more powerful creatures.",3,,8,13,4,"bite (d6), spear (d8)","Cairn (1st ed.) resources/monsters, CC-BY-SA 4.0"
kraken,Kraken,"Titanic, eight-armed saltwater monstrosities that build enormous ""castles"" deep below the ocean. Terrorize ships and coastal cities alike in their obsessive search for building materials.",16,,15,13,8,"arms (d10, blast)","Cairn (1st ed.) resources/monsters, CC-BY-SA 4.0"
lamia,Lamia,"Centaur-like creatures that prey on the life force of others, seducing their victims through heightened charm and intelligence. Their upper bodies are typically humanoid, the lower half any number of animal hybrids. Inherently magical. Can create illusions, charm creatures, and disguise themselves at will. Critical Damage: The target takes d6 WIL damage as their spirit is slowly sapped away. They then become enthralled to the Lamia, obeying its every command while in its presence.",6,,11,12,16,toothy bite (d8),"Cairn (1st ed.) resources/monsters, CC-BY-SA 4.0"
lich,Lich,"Powerful sorcerers that paid the ultimate price for immortality: their own life. Now their thirst for power knows no bounds. Maintain unlife by binding themselves to an earthly artifact, which is typically protected by at least d6 other undead servants. Carry up to six of the following spellbooks: Animate Object, Arcane Eye, Deafen, Disassemble, Elemental Wall, Frenzy, Gate, Hover, Hatred, Identify Owner, Knock, Pacify, Raise Dead, Raise Spirit, Shield, Sleep, Smoke Form, Telekinesis, Telepathy, Teleport, Vision, Wizard Mark.",14,1,8,8,18,soul dagger (d8),"Cairn (1st ed.) resources/monsters, CC-BY-SA 4.0"
lion,Lion,Carnivorous hunters that live in the savannah or other similarly dry lands. Can follow the scent of blood over great distances. Critical Damage: Delivers a killing bite to the throat (d6 STR damage).,5,,12,12,11,claws (d6+d6),"Cairn (1st ed.) resources/monsters, CC-BY-SA 4.0"
manticore,Manticore,"Spiteful monstrosities that wear a humanoid face, a lion's body, wings of a bat, and a scorpion's tail. Dwell in mountainous regions, abandoned castles, and forgotten dungeons. Tail spikes act like darts, regrowing after a few days. A single spike is worth 150gp to a collector. Critical Damage: Target is deprived until they get a good night's sleep. Until then, they act boorish, selfish, and cruel (or more so, if that already is their nature).",6,,15,14,12,claws (d6+d6) or tail spike (d6),"Cairn (1st ed.) resources/monsters, CC-BY-SA 4.0"
medusa,Medusa,"Magical creatures that resemble humanoid women, but have snakes in place of hair. Proud and territorial. Gaze: Those who look into the eyes of the Medusa are quickly turned to stone (its reflection is harmless). Attacks against it are almost normally impaired. If severed, a Medusa’s head maintains its powers for a full day.",10,,8,12,16,snake bite (d8),"Cairn (1st ed.) resources/monsters, CC-BY-SA 4.0"
mimic,Mimic,"Malicious shape shifters that take on the form of inanimate objects commonly found in dungeons. Remain motionless while in disguise, surprising anyone that comes near. The mimic's saliva is extremely sticky and difficult to remove. Alchemists will pay up to 150gp for even the smallest vial.",9,2,13,6,12,bite (d8),"Cairn (1st ed.) resources/monsters, CC-BY-SA 4.0"
mind-lasher,Mind Lasher,"Humanoid creatures with purple skin and squid-like heads. Dwell deep underground or in spacefaring vessels. Feed on the brains of other humanoids, absorbing their memories and life essence. Highly intelligent, but evil beyond belief. Mind Blast: Nearby targets must save WIL or lose 1d4 WIL and become paralyzed. Critical Damage: A tentacle rips the victim's brain out of their skull.",12,,8,12,18,"tentacles (d6, blast)","Cairn (1st ed.) resources/monsters, CC-BY-SA 4.0"
minotaur,Minotaur,Large humanoids (typically male) with the head of a bull. Dwell in mazes or dungeons. Extraordinary trackers with an excellent sense of smell and navigation skills.,12,1,16,12,8,two-handed axe (d10) or charge (d12),"Cairn (1st ed.) resources/monsters, CC-BY-SA 4.0"
mummy,Mummy,"Undead humanoids wrapped in funerary cloth. Found in pyramids, ruins, temples, and tombs. Critical Damage: Target is infected with mummy rot, and is unable to recover STR until they are cured by a specialist healer. The target is also deprived.",6,,12,8,6,necrotic touch (d10),"Cairn (1st ed.) resources/monsters, CC-BY-SA 4.0"
naga,Naga,"Humanoids with the lower body, tail, and neck of snakes. Dwell in hot jungles and temples lost to time. Use cunning and hypnosis to capture other creatures to be enslaved. Gaze: A target facing the Naga is hypnotized, falling under its will. Its victims cannot be compelled to violence.",6,1,14,12,14,"sword (d6), bite (d10)","Cairn (1st ed.) resources/monsters, CC-BY-SA 4.0"
night-cat,Night Cat,"Intelligent, nocturnal marsupials that make their homes in forests and swamps. Hunt in Critical Damage: The Night Cat begins to eat the target (d4 STR damage) while they are",6,,9,14,5,claws (d6+d6),"Cairn (1st ed.) resources/monsters, CC-BY-SA 4.0"
night-hag,Night Hag,"Hideous old women that dwell in dead forests, swamps, and bogs. Carry three of the following spellbooks: Arcane Eye, Disguise, Fog Cloud, Identify Owner, Smoke Form.",8,,9,11,16,talons (d8+d8),"Cairn (1st ed.) resources/monsters, CC-BY-SA 4.0"
nightmare,Nightmare,"Intelligent, demonic horses with eyes like burning coals, smoldering nostrils, and flaming hooves. Melee attacks against the Nightmare are impaired due to the thick clouds of smoke it produces.",8,,15,12,8,flaming hooves (d8+d8),"Cairn (1st ed.) resources/monsters, CC-BY-SA 4.0"
ogre,Ogre,"Massive, gluttonous brutes of ill-spirit and low intelligence. Easily impressed by shiny materials, keeping sacks of gold and treasure in their lairs.",6,1,16,8,6,club (d10),"Cairn (1st ed.) resources/monsters, CC-BY-SA 4.0"
owlbear,Owlbear,Bear-like carnivores with the face of an owl. Found in dense forests. Rumored spawn of a magical mishap. Critical Damage: A piece of armor is rent and destroyed.,9,,16,12,5,beak (d10) or claws (d8+d8),"Cairn (1st ed.) resources/monsters, CC-BY-SA 4.0"
panther,Panther,"Dark-furred cats that live in forests and plains. Hunt animals of almost any size, pouncing on unsuspecting targets from on high. Critical Damage: Delivers a killing bite to the target's throat, dealing an extra d4 STR damage.",4,,11,14,8,claws (d6+d6),"Cairn (1st ed.) resources/monsters, CC-BY-SA 4.0"
phoenix,Phoenix,"Intelligent, hawk-like spirits of pure flame, found in isolated deserts and high mountains. If killed, they explode in a burst of flames. They are reborn 1d3 days later from the ashes. Their feathers are highly-sought after for their healing properties.",4,,15,13,12,talons (d10+d10),"Cairn (1st ed.) resources/monsters, CC-BY-SA 4.0"
pixie,Pixie,Tiny humanoids with insectoid wings. Naturally invisible. Can cast Sleep and Masquerade at will.,3,,3,15,13,,"Cairn (1st ed.) resources/monsters, CC-BY-SA 4.0"
pseudodragon,Pseudodragon,"Winged, cat-sized reptiles capable of flight, speech, and high intelligence. Commonly found acting as familiars and spies. Love treats, rubs, and good stories.",4,,6,14,13,bite (d6),"Cairn (1st ed.) resources/monsters, CC-BY-SA 4.0"
purple-worm,Purple Worm,"Gargantuan worms that lair in enormous burrows deep underground, only coming to the surface to eat. Found in high deserts and hot tundra. Critical Damage: The target is devoured, taking d8 STR damage from the acid in the worm's stomach.",18,1,18,8,6,"bite (d12), detachment","Cairn (1st ed.) resources/monsters, CC-BY-SA 4.0"
red-cap,Red Cap,"Born from blood left to rot in the land of Fairy. Their hats are a deep red from the blood they bathe in. Ignore those with little to live for, as there is no pleasure in their murder. Critical Damage: Target is eviscerated, the spray of their blood restoring STR loss suffered by the Red Cap.",6,,6,12,8,dual sickles (d6+d6),"Cairn (1st ed.) resources/monsters, CC-BY-SA 4.0"
red-dragon,Red Dragon,"Flaming titans of smoke and fire, boasting a greater wingspan than any of their brethren. Lair close to volcanos and lava flows. Immune to fire damage of any kind. Ice and water evaporate on contact. Fire Breath: Deals 8 STR damage to anyone nearby, destroying all mundane armor it touches in the process.",18,3,18,12,16,"bite (d12), detachment","Cairn (1st ed.) resources/monsters, CC-BY-SA 4.0"
reptilian,Reptilian,"Amphibian humanoids that live in large tribes near swamps and jungles. Craft their armor and weapons from the bones of their prey. They will eat anything, including humanoids.",5,1,14,12,5,bone spear (d8),"Cairn (1st ed.) resources/monsters, CC-BY-SA 4.0"
roc,Roc,"Gargantuan birds of prey that roost in high plateau and distant mountain peaks. Powerful hunters, they will defend a clutch of eggs to the death. Grab: Their powerful talons can scoop up entire groups of people (targets must all make a DEX save to escape). Victims are carried back to the nest to be eaten alive. Critical Damage: Target is pierced through their middle, dying instantly.",15,,16,14,12,"beak (d12, blast), detachment","Cairn (1st ed.) resources/monsters, CC-BY-SA 4.0"
root-goblin,Root Goblin,Avoid combat unless they have the advantage (such as greater numbers). Guard their stolen goods to the death. Root Goblins prize spellbooks and are always willing to trade.,4,,8,14,8,spear (d6),"Cairn (1st ed.) resources/monsters, CC-BY-SA 4.0"
root-witch,Root Witch,"Excellent tunnelers that hide underground near water. Wiggle tiny fronds into the air as lures. Above-ground, appear vaguely humanoid with the face of a rotted tree stump. Will exchange rare minerals for a “fresh corpse” of any kind.",8,,9,16,14,tuber-fingers (d6),"Cairn (1st ed.) resources/monsters, CC-BY-SA 4.0"
rust-monster,Rust Monster,Armadillo-like creatures with club-like tails and long antennae. Feed on iron and rusted metal. Any mundane metals their antennae touch instantly become rust. Can smell metal from a long distance away. Critical Damage: Metal armor rusts into useless weight.,5,,16,13,5,bite (d6),"Cairn (1st ed.) resources/monsters, CC-BY-SA 4.0"
sabre-toothed-cat,Sabre-Toothed Cat,"Huge, primeval cats with enormous fangs. Extremely rare, generally found in regions untouched by civilization. Critical Damage: Punctures the flesh of its victim (d6 STR damage), resulting in extreme blood loss.",8,,15,14,3,claws (d8+d8),"Cairn (1st ed.) resources/monsters, CC-BY-SA 4.0"
satyr,Satyr,Mythical humanoids with legs and horns of a goat that love to dance and drink. Found in deep forests. Immune to mind-altering magic. Pipes: Anyone in earshot of their music must save WIL or fall asleep.,6,,11,14,16,horns (d6),"Cairn (1st ed.) resources/monsters, CC-BY-SA 4.0"
sea-hag,Sea Hag,"Ghostly, green-skinned hags that dwell in seaweed forests and warm shallow waters. Immune to magic from spellbooks. Hideous Gaze: A target is overcome with fear (HP drops to 0). WIL save each round to break the spell.",6,,11,15,14,long claws (d6+d6),"Cairn (1st ed.) resources/monsters, CC-BY-SA 4.0"
shadow,Shadow,"Incorporeal monsters that look like animated shadows. Unharmed by mundane attacks, sleep or mind control. Critical Damage: Target loses d4 STR. If reduced to 0 STR, they become a shadow as well.",14,,1,18,14,"draining touch (d6, ignores armor)","Cairn (1st ed.) resources/monsters, CC-BY-SA 4.0"
shambling-mound,Shambling Mound,Tall humanoids made of slimy vegetation. Dwell in dark swamps and damp undergrounds. Critical Damage: Target is swallowed whole and dragged away.,9,,15,6,8,"tendrils (d8+d8), detachment","Cairn (1st ed.) resources/monsters, CC-BY-SA 4.0"
skeleton,Skeleton,"Frequently found serving a master or necromancer, often in groups of 3 or more. Found wearing whatever was on them at the time of their death. If a skeleton is killed and its bones are not scattered, it reforms.",5,1,8,13,0,rusty sword (d6) or bow (d6),"Cairn (1st ed.) resources/monsters, CC-BY-SA 4.0"
sky-giant,Sky Giant,"Towering, white-skinned giants that live in castles high in the mountains. Missile attacks against them are impaired due to the powerful winds surrounding them.",12,1,16,12,14,"mace (d10), detachment","Cairn (1st ed.) resources/monsters, CC-BY-SA 4.0"
sphinx,Sphinx,"Mythical beasts with the upper body and head of a human, the wings of an eagle, and the body of a lion. Immune to magic of any kind. Poses riddles to anyone they meet. Failure to answer correctly is usually met with death. They know almost everything worth knowing. Roar: Anyone in earshot must save WIL or flee in fear.",18,,12,13,18,"claws (d8+d8, blast), beak (d10)","Cairn (1st ed.) resources/monsters, CC-BY-SA 4.0"
storm-giant,Storm Giant,"Building-sized humanoids with bronze-hued skin and light-colored hair. Live on the highest mountain peaks and rockiest coastlines. Unharmed by lightning, can summon storm clouds at their will. Can fly with the wind as a their chariot. Thunderclap: Deals 4 STR damage against a single target. Targets wearing metal armor take double damage.",18,2,18,16,18,"great sword (d12), detachment","Cairn (1st ed.) resources/monsters, CC-BY-SA 4.0"
swine-thing,Swine Thing,Obese humanoids that transform into massive porcine monstrosities to feast on human flesh. Prefer to hunt in isolated settlements close to forests and wetlands. Can only shapeshift at night. Charm: Target obeys the swine's every command until it is killed. WIL save once per round to break free.,9,,16,8,13,gore (d6+d6),"Cairn (1st ed.) resources/monsters, CC-BY-SA 4.0"
tiger,Tiger,"Striped, solitary felines found in temperate regions. Use camouflage and stealth to surprise their prey. Drag away their victims for later consumption. Critical Damage: Bites through flesh an bone alike (d6 STR damage).",6,,14,14,6,claws (d8+d8),"Cairn (1st ed.) resources/monsters, CC-BY-SA 4.0"
titan,Titan,"Mythical, humanoid giants of radiant beauty and powerfully athletic bodies. Beneficent of character, but prone to megalomania. Natives of other planes of existence, but sometimes have strongholds in the mortal world. Can levitate, shapeshift, and sculpt elements at will.",18,3,16,15,18,"lightning sword (d12), detachment","Cairn (1st ed.) resources/monsters, CC-BY-SA 4.0"
treant,Treant,"Sentient, bipedal trees with a vaguely humanoid face on their trunks. Found in the deepest part of the wood. Speak slowly and ponderously, with a deep voice. Timeless, living for thousands of years.",10,3,15,3,12,"roots (d8+d8, blast)","Cairn (1st ed.) resources/monsters, CC-BY-SA 4.0"
triton,Triton,"Aquatic humanoids with silvery skin, blue-green hair, and scaled legs ending in fins. Dwell in warmer waters close to land. Lair in beautiful castles sculpted from sea rock and coral. Command vast schools of fish for both protection and food.",6,,12,15,12,trident (d8),"Cairn (1st ed.) resources/monsters, CC-BY-SA 4.0"
troll,Troll,"Giant, warty humanoids of flesh and bark. Dwell underground or in deep forests, as well as the ruined homes of their former victims. Carnivorous. When taking Critical Damage, a Troll will continue fighting, despite loss of flesh and limb. Only when their STR is 0 are they truly killed. Unless their heads are bathed in acid, fire, or powerful magic, they will fully regenerate within 1d4 days.",14,1,14,12,4,"claws (d8+d8), club (d10)","Cairn (1st ed.) resources/monsters, CC-BY-SA 4.0"
tyrannosaurus,Tyrannosaurus,"Massive, two-legged, predatory reptiles with huge jaws. Ferocious hunters, attacking the most threatening foe first.",15,1,18,12,8,"bite (d12), detachment","Cairn (1st ed.) resources/monsters, CC-BY-SA 4.0"
unicorn,Unicorn,"Magical horses with a single long horn on their foreheads. Timid, but proud and willful, are seen as divine beings. Their hair is worth a small fortune due to its powerful healing properties.",6,,14,12,14,"horn (d10, ignores armor)","Cairn (1st ed.) resources/monsters, CC-BY-SA 4.0"
vampire-bat,Vampire Bat,"Large, nocturnal mammals that feed on live blood. Use echolocation to navigate. Fear loud noises. Critical Damage: Target is infected by disease and are deprived without specialist healing.",3,,6,14,3,bite (d8),"Cairn (1st ed.) resources/monsters, CC-BY-SA 4.0"
vampire,Vampire,"Charming, undead creatures that drink the blood of mortals. Act at night and sleep in a coffin during the day. Can change into a bat at will. Regeneration: A damaged vampire regains 6 HP when it bites a target that has blood. If killed, it becomes a cloud of gas and retreats to its coffin, reforming at the next nightfall. Can only be killed if exposed to sunlight or if the coffin is destroyed. Critical Damage: The vampire drains the target's essence, dealing d12 damage to WIL. If the target reaches 0 WIL this way, it dies and is raised as a thrall of the vampire.",12,1,14,12,16,bite (d10),"Cairn (1st ed.) resources/monsters, CC-BY-SA 4.0"
viper,Viper,"Poisonous snakes often found in caves, pits, and other dark places. An antitoxin can be made from their poison sacs. Use heat and smell to track their victims. Critical Damage: Target is poisoned, dying in 1d12 hours without a cure.",3,,5,12,3,bite (d6),"Cairn (1st ed.) resources/monsters, CC-BY-SA 4.0"
warp-panther,Warp Panther,Grotesque panther-like predators with long razored tentacles growing out of their backs. Resistant to magical attacks. Caster must make a WIL save for the intended effect to succeed. Can teleport a short distance away at will. Hate Blink Dogs.,8,,13,16,12,"tentacles (d8+d8, blast), bite (d10)","Cairn (1st ed.) resources/monsters, CC-BY-SA 4.0"
warrior-snail,Warrior Snail,"Giant armored snails with heavy, club-like tentacles. Some species have colorful shells that can reflect magical attacks.",4,2,14,6,3,tentacles (d8+d8),"Cairn (1st ed.) resources/monsters, CC-BY-SA 4.0"
water-elemental,Water Elemental,"Rare spirits of lakes, rivers, and seas. Mundane attacks against the Water Elemental are impaired. Critical Damage: Target is enveloped by the water and drowns in three rounds.",14,,15,16,4,spray (d8),"Cairn (1st ed.) resources/monsters, CC-BY-SA 4.0"
werewolf,Werewolf,"Ferocious lycanthropes that can transform into a wolf-shape at will. Mundane attacks are impaired against werewolves, but attacks with weapons made of silver are enhanced. Critical Damage: Target becomes infected with lycanthropy, transforming into a werewolf by the next full moon.",8,,15,14,6,claws (d6+d6) or bite (d8),"Cairn (1st ed.) resources/monsters, CC-BY-SA 4.0"
white-ape,White Ape,Nocturnal gorillas covered in snow-white hair. Defend their territory with threatening gestures followed by sudden violence.,6,,14,15,12,"claws (d6+d6), rocks (d6, blast)","Cairn (1st ed.) resources/monsters, CC-BY-SA 4.0"
white-dragon,White Dragon,"A massive winged creature of frost that lairs comfortably in only the coldest regions. Perpetually accompanied by a storm of ice and wind, the White Dragon is a manifestation of winter itself. Frost Breath: Nearby targets must make a DEX save or are frozen solid, their breath turned to icicles in their lungs.",16,1,16,16,12,"bite (d12), detachment","Cairn (1st ed.) resources/monsters, CC-BY-SA 4.0"
wight,Wight,"Grotesque, fallen warriors, raised from death for ill purpose. Often astride equally nightmarish steeds, leading lesser undead creatures into battle. Critical Damage: On a fail, any STR loss is permanent.",12,3,16,8,12,longsword (d10),"Cairn (1st ed.) resources/monsters, CC-BY-SA 4.0"
will-o-wisp,Will-o-Wisp,"Nocturnal spirits of cool flame, commonly found in dense woodlands, marshes, and swamps. Known to lead travelers astray, to a corpse, or back home again.",3,,6,17,12,,"Cairn (1st ed.) resources/monsters, CC-BY-SA 4.0"
wolf,Wolf,Large canines that dwell primarily in forest or tundra. Can be trained with effort if captured at a young age.,6,,12,14,8,bite (d8),"Cairn (1st ed.) resources/monsters, CC-BY-SA 4.0"
wood-troll,Wood Troll,"Large humanoids with elongated arms made of bark or root. They live in forests, sharing a deep connection with the vegetation around them. If killed, they will slowly regenerate unless their corpse is taken out of the forest or burned with fire. Critical Damage: Moss and twigs begin growing out of the target's wounds.",10,,15,12,7,"bite (d8), club (d10)","Cairn (1st ed.) resources/monsters, CC-BY-SA 4.0"
wyvern,Wyvern,"Large, intelligent, winged reptiles. Dwell in any terrain, but favor dry cliffs. Shy away from other creatures, preferring to silently stalk their targets from afar. Critical Damage: The victim is impaled and held in place. The wyvern then bites their head off.",11,,15,14,13,stinger (d10),"Cairn (1st ed.) resources/monsters, CC-BY-SA 4.0"
zombie,Zombie,"Re-animated corpse brought back through necromantic ritual or fell influence. Immune to all mind-influencing effects. If not utterly destroyed (by fire, complete dismemberment, etc.), the Zombie will rise again within a few minutes. Critical Damage: Target is infected and becomes deprived. Without the services of a specialist or healer, they will become a zombie in d4 days.",2,,12,6,3,jagged nails (d6),"Cairn (1st ed.) resources/monsters, CC-BY-SA 4.0"
